Driver,Team,LapTime,LapNumber,Sector1Time,Sector2Time,Sector3Time,SpeedFL,Stint,PitInTime,PitOutTime,TyreLife,Compound,Driver_Pos_x,AvgLapTime,BestSectorTime,TireStrategy,LapVariance,Pos,Driver_Pos_y,Q1,Q2,Q3,Laps
4,8,1.755933859,1,-0.200174158,0.13250899,0.205744915,285,1,,,2,0,11,6.534516457,18.774,,1.645872707,11,14,1.330124344,1.866774889,0.198947148,13
4,8,0.008898798,2,0.285732178,-0.03309384,-0.06401395,302,1,,,3,0,11,2.626914959,18.419,,1.645872707,11,14,1.330124344,1.866774889,0.198947148,13
4,8,-0.2143743,3,-0.130923167,-0.124525262,-0.174854038,303,1,,,4,0,11,1.546101185,18.223,,1.645872707,11,14,1.330124344,1.866774889,0.198947148,13
4,8,-0.083761248,4,-0.042419824,-0.190299907,0.041356108,288,1,,,5,0,10,1.044314336,18.082,,1.645872707,11,14,1.330124344,1.866774889,0.198947148,13
4,8,-0.1603511,5,-0.07230407,-0.062948998,-0.151246539,303,1,,,6,0,10,0.725152377,18.355,,1.645872707,11,14,1.330124344,1.866774889,0.198947148,13
4,8,-0.177105131,6,0.021371546,-0.167908539,-0.161610807,303,1,,,7,0,10,0.516731043,18.13,,1.645872707,11,14,1.330124344,1.866774889,0.198947148,13
4,8,-0.245659888,7,-0.110234074,-0.192632342,-0.19587047,303,1,,,8,0,9,0.364628332,18.077,,1.645872707,11,14,1.330124344,1.866774889,0.198947148,13
4,8,-0.250104834,8,-0.280344394,-0.080675499,-0.18723358,301,1,,,9,0,7,0.25404949,18.317,,1.645872707,11,14,1.330124344,1.866774889,0.198947148,13
4,8,-0.151632166,9,-0.02000664,-0.150182039,-0.108925778,300,1,,,10,0,4,0.173035514,18.168,,1.645872707,11,14,1.330124344,1.866774889,0.198947148,13
4,8,-0.277629313,10,-0.304481669,-0.059217104,-0.234736475,288,1,,,11,0,4,0.098425665,18.363,,1.645872707,11,14,1.330124344,1.866774889,0.198947148,13
4,8,-0.221041721,11,-0.113682256,-0.070879275,-0.227826963,288,1,,,12,0,4,0.044626952,18.338,,1.645872707,11,14,1.330124344,1.866774889,0.198947148,13
4,8,-0.227025303,12,-0.218851812,-0.069946301,-0.185794099,286,1,,,13,0,4,-0.002481465,18.34,,1.645872707,11,14,1.330124344,1.866774889,0.198947148,13
4,8,-0.178643766,13,-0.061384826,-0.077410091,-0.17859669,288,1,,,14,0,4,-0.040516916,18.324,,1.645872707,11,14,1.330124344,1.866774889,0.198947148,13
4,8,-0.132826622,14,0.061600338,-0.098868486,-0.149807057,286,1,,,15,0,2,-0.073198689,18.278,,1.645872707,11,14,1.330124344,1.866774889,0.198947148,13
4,8,-0.187020781,15,-0.106785891,-0.041490603,-0.192127818,285,1,,,16,0,2,-0.104433389,18.401,,1.645872707,11,14,1.330124344,1.866774889,0.198947148,13
4,8,-0.169753873,16,-0.052189674,-0.018632748,-0.20450736,285,1,,,17,0,2,-0.129814092,18.45,,1.645872707,11,14,1.330124344,1.866774889,0.198947148,13
4,8,4.16748847,17,0.537449476,-0.01536734,6.802025709,,1,0 days 01:22:24.439000,,18,0,5,-0.041280756,18.457,,1.645872707,11,14,1.330124344,1.866774889,0.198947148,13
4,8,1.109706975,18,4.206315298,-0.124525262,-0.117850564,287,2,,0 days 01:22:42.580000,2,1,5,-0.141924054,18.223,,1.645872707,11,14,1.330124344,1.866774889,0.198947148,13
4,8,-0.222922275,19,-0.12057862,-0.062948998,-0.232433305,288,2,,,3,1,5,-0.192337948,18.355,,1.645872707,11,14,1.330124344,1.866774889,0.198947148,13
4,8,-0.239505346,20,-0.209081962,-0.095603078,-0.19587047,287,2,,,4,1,5,-0.208986101,18.285,,1.645872707,11,14,1.330124344,1.866774889,0.198947148,13
4,8,-0.261217201,21,-0.204484386,-0.099334972,-0.232433305,287,2,,,5,1,5,-0.224155327,18.277,,1.645872707,11,14,1.330124344,1.866774889,0.198947148,13
4,8,-0.299854047,22,-0.20563378,-0.094203617,-0.300088943,287,2,,,6,1,5,-0.238281358,18.288,,1.645872707,11,14,1.330124344,1.866774889,0.198947148,13
4,8,-0.306179548,23,-0.268850453,-0.13665392,-0.252873945,287,2,,,7,1,5,-0.250565791,18.197,,1.645872707,11,14,1.330124344,1.866774889,0.198947148,13
4,8,-0.33250731,24,-0.228621661,-0.148782578,-0.309877419,288,2,,,8,1,5,-0.262190333,18.171,,1.645872707,11,14,1.330124344,1.866774889,0.198947148,13
4,8,-0.260533364,25,-0.209656659,-0.126391209,-0.211992665,287,2,,,9,1,5,-0.271168466,18.219,,1.645872707,11,14,1.330124344,1.866774889,0.198947148,13
4,8,-0.212664705,26,-0.111383468,-0.063881972,-0.219190073,288,2,,,10,1,5,-0.279860686,18.353,,1.645872707,11,14,1.330124344,1.866774889,0.198947148,13
4,8,-0.166676602,27,-0.174025444,-0.083940906,-0.097985717,302,2,,,11,1,6,-0.287939443,18.31,,1.645872707,11,14,1.330124344,1.866774889,0.198947148,13
4,8,-0.337294176,28,-0.199312113,-0.244412382,-0.273602481,302,2,,,12,1,6,-0.298818067,17.966,,1.645872707,11,14,1.330124344,1.866774889,0.198947148,13
4,8,-0.384991875,29,-0.295861213,-0.219222092,-0.321105376,302,2,,,13,1,6,-0.307096179,18.02,,1.645872707,11,14,1.330124344,1.866774889,0.198947148,13
4,8,-0.351654773,30,-0.234368631,-0.281264842,-0.257480286,301,2,,,14,1,6,-0.313643293,17.887,,1.645872707,11,14,1.330124344,1.866774889,0.198947148,13
4,8,-0.320882065,31,-0.171726655,-0.248610763,-0.25719239,302,2,,,15,1,6,-0.319804122,17.957,,1.645872707,11,14,1.330124344,1.866774889,0.198947148,13
4,8,-0.297631574,32,-0.119429226,-0.280798356,-0.224372207,301,2,,,16,1,6,-0.325682514,17.888,,1.645872707,11,14,1.330124344,1.866774889,0.198947148,13
4,8,-0.270619974,33,-0.121153317,-0.214090737,-0.219190073,301,2,,,17,1,6,-0.331154887,18.031,,1.645872707,11,14,1.330124344,1.866774889,0.198947148,13
4,8,-0.22463187,34,-0.175174838,-0.208959381,-0.117850564,301,2,,,18,1,6,-0.336061718,18.042,,1.645872707,11,14,1.330124344,1.866774889,0.198947148,13
4,8,0.256106225,35,1.135134384,-0.087672801,-0.039542761,300,2,,,19,1,5,-0.335265894,18.302,,1.645872707,11,14,1.330124344,1.866774889,0.198947148,13
4,8,-0.259507607,36,-0.295286516,-0.11006417,-0.177445105,287,2,,,20,1,5,-0.346595741,18.254,,1.645872707,11,14,1.330124344,1.866774889,0.198947148,13
4,8,-0.234205602,37,-0.180347111,-0.127324183,-0.18176355,288,2,,,21,1,5,-0.350931454,18.217,,1.645872707,11,14,1.330124344,1.866774889,0.198947148,13
4,8,-0.284809612,38,-0.214828932,-0.12032688,-0.25402553,288,2,,,22,1,5,-0.355910942,18.232,,1.645872707,11,14,1.330124344,1.866774889,0.198947148,13
4,8,-0.249591956,39,-0.211955447,-0.141318789,-0.183203032,287,2,,,23,1,5,-0.359674474,18.187,,1.645872707,11,14,1.330124344,1.866774889,0.198947148,13
4,8,-0.259507607,40,-0.186668778,-0.144584196,-0.210553183,287,2,,,24,1,4,-0.363742374,18.18,,1.645872707,11,14,1.330124344,1.866774889,0.198947148,13
4,8,2.522687186,41,-0.187243475,-0.143184736,4.474095956,,2,0 days 01:55:55.327000,,25,1,7,-0.337884378,18.183,,1.645872707,11,14,1.330124344,1.866774889,0.198947148,13
4,8,0.532547725,42,2.689115146,-0.063415485,-0.367456685,283,3,,0 days 01:56:13.143000,2,0,7,-0.362858742,18.354,,1.645872707,11,14,1.330124344,1.866774889,0.198947148,13
4,8,-0.428757505,43,-0.420570468,-0.146450144,-0.377245161,289,3,,,3,0,7,-0.376227047,18.176,,1.645872707,11,14,1.330124344,1.866774889,0.198947148,13
4,8,-0.485174138,44,-0.467120927,-0.153913933,-0.444325006,289,3,,,4,0,7,-0.380010281,18.16,,1.645872707,11,14,1.330124344,1.866774889,0.198947148,13
4,8,-0.474916568,45,-0.425742741,-0.191232881,-0.424748056,290,3,,,5,0,7,-0.382978594,18.08,,1.645872707,11,14,1.330124344,1.866774889,0.198947148,13
4,8,-0.493722112,46,-0.501028052,-0.149249065,-0.444612903,289,3,,,6,0,6,-0.38609365,18.17,,1.645872707,11,14,1.330124344,1.866774889,0.198947148,13
4,8,-0.521246591,47,-0.46079926,-0.181436657,-0.491252109,290,3,,,7,0,6,-0.38915713,18.101,,1.645872707,11,14,1.330124344,1.866774889,0.198947148,13
4,8,-0.493209234,48,-0.462523351,-0.14411771,-0.466205128,289,3,,,8,0,6,-0.39158767,18.181,,1.645872707,11,14,1.330124344,1.866774889,0.198947148,13
4,8,-0.53167512,49,-0.475166686,-0.204761,-0.48722156,290,3,,,9,0,6,-0.39451146,18.051,,1.645872707,11,14,1.330124344,1.866774889,0.198947148,13
4,8,-0.597665484,50,-0.597577153,-0.226685881,-0.523496498,290,3,,,10,0,6,-0.397558601,18.004,,1.645872707,11,14,1.330124344,1.866774889,0.198947148,13
4,8,-0.563131666,51,-0.530912297,-0.180037197,-0.527527047,290,3,,,11,0,6,-0.399625829,18.104,,1.645872707,11,14,1.330124344,1.866774889,0.198947148,13
4,8,-0.639208641,52,-0.638955339,-0.226685881,-0.572726771,291,3,,,12,0,6,-0.402542093,18.004,,1.645872707,11,14,1.330124344,1.866774889,0.198947148,13
4,8,-0.575269791,53,-0.557923058,-0.21502371,-0.512844334,291,3,,,13,0,6,-0.404195094,18.029,,1.645872707,11,14,1.330124344,1.866774889,0.198947148,13
4,8,-0.546548596,54,-0.557348361,-0.198696671,-0.474842018,289,3,,,14,0,6,-0.406071566,18.064,,1.645872707,11,14,1.330124344,1.866774889,0.198947148,13
4,8,-0.560738234,55,-0.540682147,-0.19729721,-0.507950096,289,3,,,15,0,6,-0.408220378,18.067,,1.645872707,11,14,1.330124344,1.866774889,0.198947148,13
4,8,-0.594930132,56,-0.680333524,-0.23275021,-0.473690432,290,3,,,16,0,6,-0.410448365,17.991,,1.645872707,11,14,1.330124344,1.866774889,0.198947148,13
4,8,1.872186314,57,-0.631484277,0.153967385,3.417804308,164,3,,,17,0,6,-0.393442325,18.82,,1.645872707,11,14,1.330124344,1.866774889,0.198947148,13
4,8,7.561376329,58,6.826933741,9.375945844,3.570677261,213,3,,,18,0,6,-0.352772431,38.589,,1.645872707,11,14,1.330124344,1.866774889,0.198947148,13
3,6,1.075002197,1,-0.200174158,-0.039624656,-0.032921146,289,1,,,1,1,4,6.237272769,18.405,,-0.507390386,7,16,-1.168196163,-0.860339731,1.222103909,20
3,6,-0.208219759,2,-0.207932568,-0.236948592,-0.056528645,301,1,,,2,1,4,2.57952612,17.982,,-0.507390386,7,16,-1.168196163,-0.860339731,1.222103909,20
3,6,-0.248908118,3,-0.195289234,-0.269602671,-0.111228948,303,1,,,3,1,4,1.541076227,17.912,,-0.507390386,7,16,-1.168196163,-0.860339731,1.222103909,20
3,6,-0.292844708,4,-0.195289234,-0.221554526,-0.214871628,299,1,,,4,1,3,1.021496797,18.015,,-0.507390386,7,16,-1.168196163,-0.860339731,1.222103909,20
3,6,-0.273526285,5,-0.113682256,-0.261205908,-0.198749434,300,1,,,5,1,3,0.715271618,17.93,,-0.507390386,7,16,-1.168196163,-0.860339731,1.222103909,20
3,6,-0.266516946,6,-0.158508624,-0.310653514,-0.133972759,299,1,,,6,1,3,0.510225961,17.824,,-0.507390386,7,16,-1.168196163,-0.860339731,1.222103909,20
3,6,-0.264636391,7,-0.074602858,-0.252342658,-0.208825805,300,1,,,7,1,3,0.363444943,17.949,,-0.507390386,7,16,-1.168196163,-0.860339731,1.222103909,20
3,6,-0.213519503,8,-0.186094081,-0.31112,-0.030617975,299,1,,,8,1,3,0.256045791,17.823,,-0.507390386,7,16,-1.168196163,-0.860339731,1.222103909,20
3,6,2.018014762,9,-0.186094081,-0.23135075,3.678062594,,1,0 days 01:11:00.168000,,9,1,5,0.278269415,17.994,,-0.507390386,7,16,-1.168196163,-0.860339731,1.222103909,20
3,6,0.620420905,10,2.76957273,-0.061549538,-0.260935042,292,2,,0 days 01:11:17.342000,1,0,7,0.137627801,18.358,,-0.507390386,7,16,-1.168196163,-0.860339731,1.222103909,20
3,6,-0.270961893,11,-0.110808771,-0.220155066,-0.221205348,288,2,,,2,0,5,0.042645916,18.018,,-0.507390386,7,16,-1.168196163,-0.860339731,1.222103909,20
3,6,-0.408755244,12,-0.367123645,-0.114729038,-0.389912599,288,2,,,3,0,5,-0.00909227,18.244,,-0.507390386,7,16,-1.168196163,-0.860339731,1.222103909,20
3,6,-0.343619677,13,-0.216553024,-0.136187433,-0.342409704,288,2,,,4,0,5,-0.046056616,18.198,,-0.507390386,7,16,-1.168196163,-0.860339731,1.222103909,20
3,6,-0.38977874,14,-0.256207118,-0.169307999,-0.379836228,288,2,,,5,0,4,-0.081210548,18.127,,-0.507390386,7,16,-1.168196163,-0.860339731,1.222103909,20
3,6,-0.42687695,15,-0.371146524,-0.134321486,-0.40632269,288,2,,,6,0,3,-0.111413603,18.202,,-0.507390386,7,16,-1.168196163,-0.860339731,1.222103909,20
3,6,-0.33934569,16,-0.284367273,-0.065747919,-0.344712875,288,2,,,7,0,3,-0.134441033,18.349,,-0.507390386,7,16,-1.168196163,-0.860339731,1.222103909,20
3,6,2.257187093,17,-0.336090005,-0.189366934,4.130059838,239,2,,,8,0,2,-0.090333362,18.084,,-0.507390386,7,16,-1.168196163,-0.860339731,1.222103909,20
3,6,0.79736398,18,3.602308722,-0.147383118,-0.327151199,300,2,,,9,0,2,-0.149498805,18.174,,-0.507390386,7,16,-1.168196163,-0.860339731,1.222103909,20
3,6,-0.401916864,19,-0.514820781,-0.132922025,-0.293179431,290,2,,,10,0,2,-0.196450349,18.205,,-0.507390386,7,16,-1.168196163,-0.860339731,1.222103909,20
3,6,-0.401233026,20,-0.392985011,-0.177238276,-0.325711717,289,2,,,11,0,2,-0.21251601,18.11,,-0.507390386,7,16,-1.168196163,-0.860339731,1.222103909,20
3,6,-0.371657034,21,-0.353905613,-0.175372328,-0.296634187,289,2,,,12,0,2,-0.226451029,18.114,,-0.507390386,7,16,-1.168196163,-0.860339731,1.222103909,20
3,6,-0.429099424,22,-0.416547589,-0.194964776,-0.349895009,289,2,,,13,0,2,-0.240845851,18.072,,-0.507390386,7,16,-1.168196163,-0.860339731,1.222103909,20
3,6,-0.39319793,23,-0.387238041,-0.199629644,-0.301240529,289,2,,,14,0,2,-0.252217343,18.062,,-0.507390386,7,16,-1.168196163,-0.860339731,1.222103909,20
3,6,-0.40687469,24,-0.366548948,-0.208959381,-0.328878577,289,2,,,15,0,2,-0.263542967,18.042,,-0.507390386,7,16,-1.168196163,-0.860339731,1.222103909,20
3,6,-0.3899497,25,-0.29068894,-0.192165855,-0.348743424,287,2,,,16,0,2,-0.273428204,18.078,,-0.507390386,7,16,-1.168196163,-0.860339731,1.222103909,20
3,6,-0.374392386,26,-0.285516667,-0.186101526,-0.328878577,289,2,,,17,0,2,-0.282576001,18.091,,-0.507390386,7,16,-1.168196163,-0.860339731,1.222103909,20
3,6,-0.412003474,27,-0.288964849,-0.201029105,-0.381275709,288,2,,,18,0,2,-0.291905788,18.059,,-0.507390386,7,16,-1.168196163,-0.860339731,1.222103909,20
3,6,-0.386872429,28,-0.34298637,-0.152047986,-0.342121808,288,2,,,19,0,2,-0.299591001,18.164,,-0.507390386,7,16,-1.168196163,-0.860339731,1.222103909,20
3,6,-0.307547224,29,-0.142417107,-0.107731736,-0.336363881,288,2,,,20,0,2,-0.305930436,18.259,,-0.507390386,7,16,-1.168196163,-0.860339731,1.222103909,20
3,6,-0.333020189,30,-0.2211506,-0.099801459,-0.344712875,288,2,,,21,0,2,-0.313372144,18.276,,-0.507390386,7,16,-1.168196163,-0.860339731,1.222103909,20
3,6,-0.382256523,31,-0.29068894,-0.142718249,-0.3663051,289,2,,,22,0,2,-0.320668364,18.184,,-0.507390386,7,16,-1.168196163,-0.860339731,1.222103909,20
3,6,-0.408755244,32,-0.222299994,-0.167908539,-0.429642293,288,2,,,23,0,2,-0.327198397,18.13,,-0.507390386,7,16,-1.168196163,-0.860339731,1.222103909,20
3,6,-0.377811576,33,-0.201036204,-0.148316091,-0.400276867,289,2,,,24,0,2,-0.332572821,18.172,,-0.507390386,7,16,-1.168196163,-0.860339731,1.222103909,20
3,6,2.005363759,34,-0.148164077,-0.132922025,3.577010981,,2,0 days 01:45:52.771000,,25,0,4,-0.30743087,18.205,,-0.507390386,7,16,-1.168196163,-0.860339731,1.222103909,20
3,6,0.635807259,35,2.982785327,-0.024697077,-0.364577722,288,3,,0 days 01:46:09.984000,1,0,4,-0.330530208,18.437,,-0.507390386,7,16,-1.168196163,-0.860339731,1.222103909,20
3,6,-0.391488335,36,-0.344710461,-0.120793367,-0.368320374,288,3,,,2,0,4,-0.348196099,18.231,,-0.507390386,7,16,-1.168196163,-0.860339731,1.222103909,20
3,6,-0.60587154,37,-0.491258203,-0.188900447,-0.613895947,291,3,,,3,0,4,-0.355316358,18.085,,-0.507390386,7,16,-1.168196163,-0.860339731,1.222103909,20
3,6,-0.561251112,38,-0.570566392,-0.244412382,-0.464765646,290,3,,,4,0,4,-0.359086563,17.966,,-0.507390386,7,16,-1.168196163,-0.860339731,1.222103909,20
3,6,-0.568089492,39,-0.522291842,-0.281264842,-0.477720981,291,3,,,5,0,3,-0.3632394,17.887,,-0.507390386,7,16,-1.168196163,-0.860339731,1.222103909,20
3,6,-0.560567274,40,-0.520567751,-0.277532948,-0.468220402,291,3,,,6,0,3,-0.367027876,17.895,,-0.507390386,7,16,-1.168196163,-0.860339731,1.222103909,20
3,6,-0.608094013,41,-0.566543513,-0.288728632,-0.518314364,292,3,,,7,0,2,-0.371217652,17.871,,-0.507390386,7,16,-1.168196163,-0.860339731,1.222103909,20
3,6,-0.578347061,42,-0.417696983,-0.291061066,-0.541346071,291,3,,,8,0,2,-0.374404774,17.866,,-0.507390386,7,16,-1.168196163,-0.860339731,1.222103909,20
3,6,-0.577663223,43,-0.57688806,-0.31112,-0.448067659,292,3,,,9,0,2,-0.377738699,17.823,,-0.507390386,7,16,-1.168196163,-0.860339731,1.222103909,20
3,6,-0.627754355,44,-0.588382,-0.2933935,-0.537603418,290,3,,,10,0,2,-0.381424822,17.861,,-0.507390386,7,16,-1.168196163,-0.860339731,1.222103909,20
3,6,-0.653740198,45,-0.564819422,-0.321849198,-0.575605734,291,3,,,11,0,2,-0.384713283,17.8,,-0.507390386,7,16,-1.168196163,-0.860339731,1.222103909,20
3,6,-0.593562456,46,-0.599875941,-0.183769092,-0.541921863,291,3,,,12,0,2,-0.387041102,18.096,,-0.507390386,7,16,-1.168196163,-0.860339731,1.222103909,20
3,6,-0.723662631,47,-0.738952621,-0.32604758,-0.603531679,291,3,,,13,0,2,-0.391037122,17.791,,-0.507390386,7,16,-1.168196163,-0.860339731,1.222103909,20
3,6,-0.663826808,48,-0.556198967,-0.301323777,-0.609577502,290,3,,,14,0,2,-0.393139312,17.844,,-0.507390386,7,16,-1.168196163,-0.860339731,1.222103909,20
3,6,-0.698873504,49,-0.674586554,-0.301323777,-0.609289605,291,3,,,15,0,2,-0.396000976,17.844,,-0.507390386,7,16,-1.168196163,-0.860339731,1.222103909,20
3,6,-0.736313633,50,-0.688379283,-0.335843803,-0.644125062,291,3,,,16,0,2,-0.398769069,17.77,,-0.507390386,7,16,-1.168196163,-0.860339731,1.222103909,20
3,6,-0.68673538,51,-0.65792034,-0.295259448,-0.600940612,291,3,,,17,0,2,-0.400683792,17.857,,-0.507390386,7,16,-1.168196163,-0.860339731,1.222103909,20
3,6,-0.666904079,52,-0.641828824,-0.291527553,-0.577908905,291,3,,,18,0,2,-0.402774588,17.865,,-0.507390386,7,16,-1.168196163,-0.860339731,1.222103909,20
3,6,-0.644337426,53,-0.586083212,-0.297591882,-0.564089881,291,3,,,19,0,2,-0.404763958,17.852,,-0.507390386,7,16,-1.168196163,-0.860339731,1.222103909,20
3,6,-0.668784633,54,-0.617116851,-0.317184329,-0.577621009,292,3,,,20,0,2,-0.407059697,17.81,,-0.507390386,7,16,-1.168196163,-0.860339731,1.222103909,20
3,6,-0.559028639,55,-0.376893494,-0.306921619,-0.519465949,292,3,,,21,0,2,-0.408206809,17.832,,-0.507390386,7,16,-1.168196163,-0.860339731,1.222103909,20
3,6,-0.755461096,56,-0.602749426,-0.428208199,-0.662262531,294,3,,,22,0,2,-0.411699719,17.572,,-0.507390386,7,16,-1.168196163,-0.860339731,1.222103909,20
3,6,-0.574585953,57,-0.592404879,-0.330712448,-0.423020678,294,3,,,23,0,2,-0.412180523,17.781,,-0.507390386,7,16,-1.168196163,-0.860339731,1.222103909,20
3,6,4.404438328,58,4.390218346,5.258266454,2.016324957,156,3,,,24,0,2,-0.376532471,29.762,,-0.507390386,7,16,-1.168196163,-0.860339731,1.222103909,20
8,4,1.551124386,1,-0.200174158,0.033147292,0.167166806,289,1,,,1,1,9,6.445112004,18.561,,0.437676402,5,22,0.497350841,-0.081164126,0.198947148,18
8,4,-0.07264888,2,0.354121124,-0.221088039,-0.119577942,303,1,,,2,1,9,2.609116159,18.016,,0.437676402,5,22,0.497350841,-0.081164126,0.198947148,18
8,4,-0.175908414,3,-0.048166795,-0.187034499,-0.112956326,302,1,,,3,1,9,1.551698292,18.089,,0.437676402,5,22,0.497350841,-0.081164126,0.198947148,18
8,4,-0.136416771,4,-0.024604216,-0.180037197,-0.062574468,301,1,,,4,1,8,1.038567973,18.104,,0.437676402,5,22,0.497350841,-0.081164126,0.198947148,18
8,4,-0.157615749,5,-0.011960882,-0.20616046,-0.088485138,303,1,,,5,1,8,0.725391187,18.048,,0.437676402,5,22,0.497350841,-0.081164126,0.198947148,18
8,4,-0.134536217,6,-0.038396945,-0.174905841,-0.055664956,292,1,,,6,1,8,0.519828109,18.115,,0.437676402,5,22,0.497350841,-0.081164126,0.198947148,18
8,4,-0.233863683,7,-0.140693016,-0.253275632,-0.123320594,301,1,,,7,1,8,0.365363952,17.947,,0.437676402,5,22,0.497350841,-0.081164126,0.198947148,18
8,4,-0.145477625,8,-0.128624378,-0.124058775,-0.060271297,289,1,,,8,1,6,0.259758539,18.224,,0.437676402,5,22,0.497350841,-0.081164126,0.198947148,18
8,4,2.3896807,9,0.021371546,-0.075544143,4.103861271,,1,0 days 01:11:08.035000,,9,1,9,0.296296245,18.328,,0.437676402,5,22,0.497350841,-0.081164126,0.198947148,18
8,4,0.967639636,10,3.520127047,0.020552147,-0.102879955,289,2,,0 days 01:11:26.560000,1,0,12,0.152784767,18.534,,0.437676402,5,22,0.497350841,-0.081164126,0.198947148,18
8,4,-0.22805106,11,-0.103912406,-0.093270643,-0.230705927,289,2,,,2,0,12,0.044348793,18.29,,0.437676402,5,22,0.497350841,-0.081164126,0.198947148,18
8,4,-0.24497605,12,-0.182071202,-0.103533354,-0.213720043,290,2,,,3,0,12,-0.003134461,18.268,,0.437676402,5,22,0.497350841,-0.081164126,0.198947148,18
8,4,-0.205142488,13,-0.214254235,-0.129656617,-0.114395808,289,2,,,4,0,12,-0.041406712,18.212,,0.437676402,5,22,0.497350841,-0.081164126,0.198947148,18
8,4,-0.240873022,14,-0.171151958,-0.11892742,-0.202779982,289,2,,,5,0,12,-0.076567615,18.235,,0.437676402,5,22,0.497350841,-0.081164126,0.198947148,18
8,4,-0.153170802,15,-0.0085127,-0.11146363,-0.141170167,291,2,,,6,0,12,-0.103448298,18.251,,0.437676402,5,22,0.497350841,-0.081164126,0.198947148,18
8,4,-0.167531399,16,-0.098740133,-0.124058775,-0.112380534,291,2,,,7,0,11,-0.129753456,18.224,,0.437676402,5,22,0.497350841,-0.081164126,0.198947148,18
8,4,3.3072203,17,0.017923364,5.252668612,2.36237635,245,2,,,8,0,9,-0.063370671,29.124,,0.437676402,5,22,0.497350841,-0.081164126,0.198947148,18
8,4,0.11284217,18,0.982839672,-0.171173947,-0.152973917,291,2,,,9,0,9,-0.16609941,18.123,,0.437676402,5,22,0.497350841,-0.081164126,0.198947148,18
8,4,-0.211638948,19,-0.110808771,-0.119393907,-0.183490928,290,2,,,10,0,9,-0.192078714,18.234,,0.437676402,5,22,0.497350841,-0.081164126,0.198947148,18
8,4,-0.202407136,20,-0.182645899,-0.166042591,-0.103167851,290,2,,,11,0,9,-0.208176386,18.134,,0.437676402,5,22,0.497350841,-0.081164126,0.198947148,18
8,4,-0.216083895,21,-0.163680897,-0.111930117,-0.169096111,291,2,,,12,0,9,-0.223217145,18.25,,0.437676402,5,22,0.497350841,-0.081164126,0.198947148,18
8,4,-0.266516946,22,-0.174600141,-0.150648525,-0.224660104,289,2,,,13,0,9,-0.237619882,18.167,,0.437676402,5,22,0.497350841,-0.081164126,0.198947148,18
8,4,-0.218648288,23,-0.120003923,-0.150648525,-0.171399282,289,2,,,14,0,9,-0.248904505,18.167,,0.437676402,5,22,0.497350841,-0.081164126,0.198947148,18
8,4,-0.206168245,24,-0.131497864,-0.141785275,-0.150094953,289,2,,,15,0,9,-0.25989241,18.186,,0.437676402,5,22,0.497350841,-0.081164126,0.198947148,18
8,4,-0.210442232,25,-0.075752252,-0.121259854,-0.197885745,289,2,,,16,0,9,-0.270293824,18.23,,0.437676402,5,22,0.497350841,-0.081164126,0.198947148,18
8,4,-0.158983425,26,-0.137819531,-0.124991749,-0.077832974,289,2,,,17,0,9,-0.278959409,18.222,,0.437676402,5,22,0.497350841,-0.081164126,0.198947148,18
8,4,-0.168215237,27,-0.053339068,-0.125924723,-0.135124344,289,2,,,18,0,9,-0.287964319,18.22,,0.437676402,5,22,0.497350841,-0.081164126,0.198947148,18
8,4,-0.19779123,28,-0.126900287,-0.126857696,-0.147503886,289,2,,,19,0,9,-0.296643191,18.218,,0.437676402,5,22,0.497350841,-0.081164126,0.198947148,18
8,4,-0.125475364,29,-0.0085127,-0.082074959,-0.11266843,288,2,,,20,0,9,-0.303189784,18.314,,0.437676402,5,22,0.497350841,-0.081164126,0.198947148,18
8,4,-0.145306665,30,-0.065407705,-0.079276038,-0.119290046,289,2,,,21,0,9,-0.310640756,18.32,,0.437676402,5,22,0.497350841,-0.081164126,0.198947148,18
8,4,-0.147871057,31,-0.01425967,-0.088605775,-0.143473338,289,2,,,22,0,9,-0.317367876,18.3,,0.437676402,5,22,0.497350841,-0.081164126,0.198947148,18
8,4,-0.143938989,32,0.015049878,-0.080209012,-0.156716569,288,2,,,23,0,9,-0.323585931,18.318,,0.437676402,5,22,0.497350841,-0.081164126,0.198947148,18
8,4,-0.171976346,33,-0.022880125,-0.100734433,-0.172262971,288,2,,,24,0,9,-0.329850027,18.274,,0.437676402,5,22,0.497350841,-0.081164126,0.198947148,18
8,4,-0.155393275,34,-0.042419824,-0.070412788,-0.153261813,289,2,,,25,0,9,-0.335172765,18.339,,0.437676402,5,22,0.497350841,-0.081164126,0.198947148,18
8,4,-0.161205898,35,-0.021156034,-0.065747919,-0.176581416,289,2,,,26,0,9,-0.34047067,18.349,,0.437676402,5,22,0.497350841,-0.081164126,0.198947148,18
8,4,2.209489394,36,0.040911245,-0.09373713,3.801858017,,2,0 days 01:49:16.525000,,27,0,9,-0.316657438,18.289,,0.437676402,5,22,0.497350841,-0.081164126,0.198947148,18
8,4,0.839761935,37,3.404612945,-0.018166261,-0.236463853,289,3,,0 days 01:49:34.003000,1,0,10,-0.338260814,18.451,,0.437676402,5,22,0.497350841,-0.081164126,0.198947148,18
8,4,-0.394565606,38,-0.309079245,-0.165576105,-0.363714033,292,3,,,2,0,10,-0.357171764,18.135,,0.437676402,5,22,0.497350841,-0.081164126,0.198947148,18
8,4,-0.33934569,39,-0.286091364,-0.156712854,-0.287709401,302,3,,,3,0,10,-0.360679082,18.154,,0.437676402,5,22,0.497350841,-0.081164126,0.198947148,18
8,4,-0.173344022,40,-0.148738774,-0.353570303,0.044522968,290,3,,,4,0,9,-0.36280206,17.732,,0.437676402,5,22,0.497350841,-0.081164126,0.198947148,18
8,4,-0.421919125,41,-0.332067126,-0.186101526,-0.385594154,290,3,,,5,0,9,-0.369235457,18.091,,0.437676402,5,22,0.497350841,-0.081164126,0.198947148,18
8,4,-0.418499935,42,-0.376893494,-0.182369631,-0.359683484,290,3,,,6,0,9,-0.372743411,18.099,,0.437676402,5,22,0.497350841,-0.081164126,0.198947148,18
8,4,-0.393881768,43,-0.349882734,-0.185168552,-0.330030162,290,3,,,7,0,9,-0.375872997,18.093,,0.437676402,5,22,0.497350841,-0.081164126,0.198947148,18
8,4,-0.411661556,44,-0.346434552,-0.181436657,-0.364001929,291,3,,,8,0,9,-0.379280961,18.101,,0.437676402,5,22,0.497350841,-0.081164126,0.198947148,18
8,4,-0.433544371,45,-0.359652583,-0.185635039,-0.391639977,291,3,,,9,0,9,-0.382577261,18.092,,0.437676402,5,22,0.497350841,-0.081164126,0.198947148,18
8,4,-0.529623606,46,-0.486660626,-0.210825329,-0.474266225,292,3,,,10,0,9,-0.386434343,18.038,,0.437676402,5,22,0.497350841,-0.081164126,0.198947148,18
8,4,-0.509108467,47,-0.478040171,-0.219222092,-0.438854976,291,3,,,11,0,9,-0.389044394,18.02,,0.437676402,5,22,0.497350841,-0.081164126,0.198947148,18
8,4,-0.522785226,48,-0.469419716,-0.222021013,-0.46447775,291,3,,,12,0,9,-0.391856642,18.014,,0.437676402,5,22,0.497350841,-0.081164126,0.198947148,18
8,4,-0.500731451,49,-0.465971533,-0.220621552,-0.42993019,292,3,,,13,0,9,-0.394235793,18.017,,0.437676402,5,22,0.497350841,-0.081164126,0.198947148,18
8,4,-0.503808722,50,-0.455626987,-0.209425868,-0.44720397,291,3,,,14,0,9,-0.396739185,18.041,,0.437676402,5,22,0.497350841,-0.081164126,0.198947148,18
8,4,-0.455427186,51,-0.501602749,-0.184235578,-0.358244003,291,3,,,15,0,9,-0.398703952,18.095,,0.437676402,5,22,0.497350841,-0.081164126,0.198947148,18
8,4,-0.441921386,52,-0.372295918,-0.184235578,-0.400276867,291,3,,,16,0,9,-0.400885924,18.095,,0.437676402,5,22,0.497350841,-0.081164126,0.198947148,18
8,4,-0.457991578,53,-0.472867898,-0.170240973,-0.385594154,290,3,,,17,0,9,-0.403229154,18.125,,0.437676402,5,22,0.497350841,-0.081164126,0.198947148,18
8,4,-0.430125181,54,-0.4337885,-0.159511776,-0.364865618,290,3,,,18,0,9,-0.405130423,18.148,,0.437676402,5,22,0.497350841,-0.081164126,0.198947148,18
8,4,-0.436792601,55,-0.416547589,-0.166975565,-0.380124124,291,3,,,19,0,9,-0.407236644,18.132,,0.437676402,5,22,0.497350841,-0.081164126,0.198947148,18
8,4,-0.413713069,56,-0.323446671,-0.159511776,-0.392503666,291,3,,,20,0,9,-0.409035762,18.148,,0.437676402,5,22,0.497350841,-0.081164126,0.198947148,18
8,4,3.442962138,57,0.020796849,7.323870209,1.311266836,257,3,,,21,0,8,-0.381412801,29.129,,0.437676402,5,22,0.497350841,-0.081164126,0.198947148,18
8,4,5.096311397,58,6.364877332,5.592737523,1.985807945,254,3,,,22,0,8,-0.371325232,30.479,,0.437676402,5,22,0.497350841,-0.081164126,0.198947148,18
9,5,1.969462266,1,-0.200174158,0.171693885,0.472912712,292,1,,,1,1,14,6.627726944,18.858,,-0.275966674,6,23,0.497350841,-0.081164126,0.198947148,21
9,5,0.05198059,2,0.533426597,-0.165576105,-0.033784835,306,1,,,2,1,14,2.636318098,18.135,,-0.275966674,6,23,0.497350841,-0.081164126,0.198947148,21
9,5,-0.107011739,3,0.12309292,-0.206626947,-0.070635565,305,1,,,3,1,14,1.561723333,18.047,,-0.275966674,6,23,0.497350841,-0.081164126,0.198947148,21
9,5,-0.135732933,4,-0.018282549,-0.193098828,-0.056528645,304,1,,,4,1,13,1.038642601,18.076,,-0.275966674,6,23,0.497350841,-0.081164126,0.198947148,21
9,5,-0.054014296,5,0.135161557,-0.191699368,0.003353792,306,1,,,5,1,13,0.734436112,18.079,,-0.275966674,6,23,0.497350841,-0.081164126,0.198947148,21
9,5,2.330015837,6,0.118495343,-0.169307999,4.012598133,,1,0 days 01:07:03.041000,,6,1,16,0.699134537,18.127,,-0.275966674,6,23,0.497350841,-0.081164126,0.198947148,21
9,5,0.720603168,7,3.104046399,0.013088357,-0.30584687,288,2,,0 days 01:07:20.614000,1,0,16,0.424885185,18.518,,-0.275966674,6,23,0.497350841,-0.081164126,0.198947148,21
9,5,-0.087522356,8,0.163321711,-0.021431669,-0.172262971,289,2,,,2,0,14,0.262920904,18.444,,-0.275966674,6,23,0.497350841,-0.081164126,0.198947148,21
9,5,-0.100344318,9,0.104127918,-0.038225196,-0.153837606,290,2,,,3,0,14,0.175523117,18.408,,-0.275966674,6,23,0.497350841,-0.081164126,0.198947148,21
9,5,-0.064955703,10,0.394924613,-0.110530657,-0.195294678,290,2,,,4,0,13,0.1077094,18.253,,-0.275966674,6,23,0.497350841,-0.081164126,0.198947148,21
9,5,-0.16718948,11,-0.001041638,-0.073211709,-0.192127818,290,2,,,5,0,13,0.046764029,18.333,,-0.275966674,6,23,0.497350841,-0.081164126,0.198947148,21
9,5,-0.250446753,12,-0.027477702,-0.15438042,-0.268996139,290,2,,,6,0,13,-0.003333469,18.159,,-0.275966674,6,23,0.497350841,-0.081164126,0.198947148,21
9,5,-0.179327604,13,-0.058511341,-0.136187433,-0.144912819,289,2,,,7,0,13,-0.040539878,18.198,,-0.275966674,6,23,0.497350841,-0.081164126,0.198947148,21
9,5,-0.2143743,14,-0.05104028,-0.139919328,-0.205371049,289,2,,,8,0,13,-0.075741375,18.19,,-0.275966674,6,23,0.497350841,-0.081164126,0.198947148,21
9,5,-0.205997285,15,-0.117705135,-0.128257157,-0.165065563,290,2,,,9,0,13,-0.104985636,18.215,,-0.275966674,6,23,0.497350841,-0.081164126,0.198947148,21
9,5,-0.216938693,16,-0.141267713,-0.17210692,-0.144624923,290,2,,,10,0,12,-0.131101426,18.121,,-0.275966674,6,23,0.497350841,-0.081164126,0.198947148,21
9,5,3.431849771,17,1.041458769,3.755712323,2.983368741,209,2,,,11,0,10,-0.060170443,26.541,,-0.275966674,6,23,0.497350841,-0.081164126,0.198947148,21
9,5,0.019156367,18,0.570207207,-0.049887367,-0.178884587,289,2,,,12,0,10,-0.168371421,18.383,,-0.275966674,6,23,0.497350841,-0.081164126,0.198947148,21
9,5,-0.206852083,19,-0.153336351,-0.104466328,-0.163338185,288,2,,,13,0,10,-0.191968736,18.266,,-0.275966674,6,23,0.497350841,-0.081164126,0.198947148,21
9,5,-0.277800272,20,-0.215978327,-0.153447447,-0.221205348,290,2,,,14,0,10,-0.209821936,18.161,,-0.275966674,6,23,0.497350841,-0.081164126,0.198947148,21
9,5,-0.199329865,21,-0.078625737,-0.12779067,-0.173702453,290,2,,,15,0,10,-0.22286888,18.216,,-0.275966674,6,23,0.497350841,-0.081164126,0.198947148,21
9,5,-0.159154384,22,-0.096441345,-0.126391209,-0.097985717,288,2,,,16,0,10,-0.235489589,18.219,,-0.275966674,6,23,0.497350841,-0.081164126,0.198947148,21
9,5,-0.176763212,23,-0.101038921,-0.132922025,-0.12130532,288,2,,,17,0,10,-0.248109553,18.205,,-0.275966674,6,23,0.497350841,-0.081164126,0.198947148,21
9,5,-0.122910971,24,-0.070579979,-0.097935512,-0.067468706,288,2,,,18,0,10,-0.258378081,18.28,,-0.275966674,6,23,0.497350841,-0.081164126,0.198947148,21
9,5,-0.095899372,25,0.062175035,-0.075544143,-0.102304162,288,2,,,19,0,10,-0.268293792,18.328,,-0.275966674,6,23,0.497350841,-0.081164126,0.198947148,21
9,5,-0.120859458,26,0.038037759,-0.113329578,-0.108925778,289,2,,,20,0,10,-0.278319329,18.247,,-0.275966674,6,23,0.497350841,-0.081164126,0.198947148,21
9,5,2.25804189,27,0.059876247,-0.113329578,3.886211643,,2,0 days 01:36:52.888000,,21,0,15,-0.248737583,18.247,,-0.275966674,6,23,0.497350841,-0.081164126,0.198947148,21
9,5,0.850874302,28,3.371855214,-0.04055763,-0.187521477,289,3,,0 days 01:37:10.502000,1,0,15,-0.280294308,18.403,,-0.275966674,6,23,0.497350841,-0.081164126,0.198947148,21
9,5,-0.246172766,29,-0.122877408,-0.055018722,-0.275329859,289,3,,,2,0,14,-0.305006592,18.372,,-0.275966674,6,23,0.497350841,-0.081164126,0.198947148,21
9,5,-0.22805106,30,-0.131497864,-0.11006417,-0.206522635,289,3,,,3,0,14,-0.311844756,18.254,,-0.275966674,6,23,0.497350841,-0.081164126,0.198947148,21
9,5,-0.219332126,31,-0.12057862,-0.105399301,-0.200188915,290,3,,,4,0,14,-0.318374152,18.264,,-0.275966674,6,23,0.497350841,-0.081164126,0.198947148,21
9,5,-0.227538181,32,-0.220001206,-0.09233767,-0.172262971,289,3,,,5,0,14,-0.324726342,18.292,,-0.275966674,6,23,0.497350841,-0.081164126,0.198947148,21
9,5,-0.178472807,33,-0.074602858,-0.115662012,-0.148079679,289,3,,,6,0,14,-0.329935962,18.242,,-0.275966674,6,23,0.497350841,-0.081164126,0.198947148,21
9,5,-0.200184662,34,-0.135520743,-0.131522565,-0.144337027,290,3,,,7,0,13,-0.335747841,18.208,,-0.275966674,6,23,0.497350841,-0.081164126,0.198947148,21
9,5,-0.18753366,35,-0.063683614,-0.124991749,-0.163050288,289,3,,,8,0,12,-0.340799034,18.222,,-0.275966674,6,23,0.497350841,-0.081164126,0.198947148,21
9,5,0.043432615,36,0.377109006,-0.228085342,0.06870626,290,3,,,9,0,12,-0.342922381,18.001,,-0.275966674,6,23,0.497350841,-0.081164126,0.198947148,21
9,5,-0.22463187,37,-0.007938003,-0.145983657,-0.240494402,291,3,,,10,0,12,-0.350818503,18.177,,-0.275966674,6,23,0.497350841,-0.081164126,0.198947148,21
9,5,-0.355244923,38,-0.276321514,-0.196830723,-0.294618913,291,3,,,11,0,12,-0.356720067,18.068,,-0.275966674,6,23,0.497350841,-0.081164126,0.198947148,21
9,5,-0.37969213,39,-0.324021368,-0.191699368,-0.315059553,291,3,,,12,0,12,-0.361130678,18.079,,-0.275966674,6,23,0.497350841,-0.081164126,0.198947148,21
9,5,-0.426022153,40,-0.432064409,-0.262138882,-0.295482602,293,3,,,13,0,12,-0.365559568,17.928,,-0.275966674,6,23,0.497350841,-0.081164126,0.198947148,21
9,5,-0.112482442,41,0.339753699,0.043410002,-0.342697601,291,3,,,14,0,11,-0.3659409,18.583,,-0.275966674,6,23,0.497350841,-0.081164126,0.198947148,21
9,5,-0.427731748,42,-0.376318797,-0.233216697,-0.344137082,292,3,,,15,0,11,-0.372839361,17.99,,-0.275966674,6,23,0.497350841,-0.081164126,0.198947148,21
9,5,-0.331652513,43,-0.42401865,-0.236015618,-0.156716569,291,3,,,16,0,11,-0.375241262,17.984,,-0.275966674,6,23,0.497350841,-0.081164126,0.198947148,21
9,5,-0.296263898,44,-0.421719862,-0.250476711,-0.089348827,303,3,,,17,0,12,-0.378136098,17.953,,-0.275966674,6,23,0.497350841,-0.081164126,0.198947148,21
9,5,-0.397471918,45,-0.36425016,-0.246744816,-0.290876261,293,3,,,18,0,12,-0.382227338,17.961,,-0.275966674,6,23,0.497350841,-0.081164126,0.198947148,21
9,5,-0.446879211,46,-0.36999713,-0.26680375,-0.358819795,293,3,,,19,0,12,-0.385649126,17.918,,-0.275966674,6,23,0.497350841,-0.081164126,0.198947148,21
9,5,-0.408071406,47,-0.373445312,-0.246278329,-0.304407388,292,3,,,20,0,12,-0.388105985,17.962,,-0.275966674,6,23,0.497350841,-0.081164126,0.198947148,21
9,5,-0.394052728,48,-0.299884092,-0.23135075,-0.326863302,293,3,,,21,0,12,-0.390685914,17.994,,-0.275966674,6,23,0.497350841,-0.081164126,0.198947148,21
9,5,-0.395591363,49,-0.363100765,-0.25654104,-0.282239371,293,3,,,22,0,12,-0.393299135,17.94,,-0.275966674,6,23,0.497350841,-0.081164126,0.198947148,21
9,5,-0.344132556,50,-0.249310754,-0.20616046,-0.283678852,292,3,,,23,0,12,-0.395345132,18.048,,-0.275966674,6,23,0.497350841,-0.081164126,0.198947148,21
9,5,-0.327036606,51,-0.205059083,-0.185168552,-0.290012572,291,3,,,24,0,12,-0.397605017,18.093,,-0.275966674,6,23,0.497350841,-0.081164126,0.198947148,21
9,5,-0.350116138,52,-0.332641823,-0.205693973,-0.252298152,291,3,,,25,0,12,-0.400115245,18.049,,-0.275966674,6,23,0.497350841,-0.081164126,0.198947148,21
9,5,-0.313359847,53,-0.201036204,-0.195431263,-0.26266242,291,3,,,26,0,12,-0.40203792,18.071,,-0.275966674,6,23,0.497350841,-0.081164126,0.198947148,21
9,5,-0.017258005,54,-0.236092722,-0.147849604,0.22417028,304,3,,,27,0,12,-0.401792889,18.173,,-0.275966674,6,23,0.497350841,-0.081164126,0.198947148,21
9,5,-0.328233323,55,-0.28494197,-0.168841512,-0.262086627,295,3,,,28,0,12,-0.406375028,18.128,,-0.275966674,6,23,0.497350841,-0.081164126,0.198947148,21
9,5,-0.007171395,56,0.709283887,-0.147849604,-0.232433305,292,3,,,29,0,12,-0.405866734,18.173,,-0.275966674,6,23,0.497350841,-0.081164126,0.198947148,21
9,5,4.475044598,57,5.341916623,5.071205229,1.773916244,216,3,,,30,0,11,-0.373508769,29.361,,-0.275966674,6,23,0.497350841,-0.081164126,0.198947148,21
7,3,1.312635893,1,-0.200174158,-0.01396788,0.093177448,289,1,,,1,1,6,6.341005816,18.46,,-1.327843956,4,63,-1.168196163,-0.860339731,-1.847366374,21
7,3,-0.151290247,2,-0.013110276,-0.182369631,-0.091939894,301,1,,,2,1,6,2.591951698,18.099,,-1.327843956,4,63,-1.168196163,-0.860339731,-1.847366374,21
7,3,-0.20428769,3,-0.19988681,-0.164643131,-0.09856151,292,1,,,3,1,6,1.547568871,18.137,,-1.327843956,4,63,-1.168196163,-0.860339731,-1.847366374,21
7,3,-0.112995321,4,-0.114256953,-0.080209012,-0.039830658,289,1,,,4,1,5,1.041123985,18.318,,-1.327843956,4,63,-1.168196163,-0.860339731,-1.847366374,21
7,3,-0.181208159,5,-0.189542263,-0.090005235,-0.110941052,290,1,,,5,1,5,0.723331452,18.297,,-1.327843956,4,63,-1.168196163,-0.860339731,-1.847366374,21
7,3,-0.190269012,6,-0.21138075,-0.063415485,-0.131669588,290,1,,,6,1,5,0.515773316,18.354,,-1.327843956,4,63,-1.168196163,-0.860339731,-1.847366374,21
7,3,-0.250959632,7,-0.170002564,-0.098401999,-0.233009097,290,1,,,7,1,5,0.364297836,18.279,,-1.327843956,4,63,-1.168196163,-0.860339731,-1.847366374,21
7,3,2.169142954,8,-0.237816814,-0.11146363,3.884484265,,1,0 days 01:09:41.471000,,8,1,11,0.386057255,18.251,,-1.327843956,4,63,-1.168196163,-0.860339731,-1.847366374,21
7,3,0.700771867,9,2.886236226,-0.010235985,-0.215735317,289,2,,0 days 01:09:59.414000,1,0,10,0.214379477,18.468,,-1.327843956,4,63,-1.168196163,-0.860339731,-1.847366374,21
7,3,-0.255575538,10,-0.160232715,-0.08487388,-0.25402553,290,2,,,2,0,9,0.099388367,18.308,,-1.327843956,4,63,-1.168196163,-0.860339731,-1.847366374,21
7,3,-0.259165688,11,-0.207932568,-0.087206314,-0.234736475,293,2,,,3,0,9,0.043114037,18.303,,-1.327843956,4,63,-1.168196163,-0.860339731,-1.847366374,21
7,3,-0.206852083,12,-0.138968925,-0.115195525,-0.163913977,291,2,,,4,0,9,-0.001747622,18.243,,-1.327843956,4,63,-1.168196163,-0.860339731,-1.847366374,21
7,3,-0.135732933,13,-0.084372707,-0.124991749,-0.065453431,292,2,,,5,0,9,-0.03907602,18.222,,-1.327843956,4,63,-1.168196163,-0.860339731,-1.847366374,21
7,3,-0.143938989,14,0.043210033,-0.264471316,-0.057104438,303,2,,,6,0,9,-0.073545177,17.923,,-1.327843956,4,63,-1.168196163,-0.860339731,-1.847366374,21
7,3,-0.024951182,15,0.171942167,-0.16324367,0.016309127,303,2,,,7,0,8,-0.099716893,18.14,,-1.327843956,4,63,-1.168196163,-0.860339731,-1.847366374,21
7,3,-0.148042017,16,-0.076901646,-0.229018316,-0.025723737,301,2,,,8,0,7,-0.129221731,17.999,,-1.327843956,4,63,-1.168196163,-0.860339731,-1.847366374,21
7,3,2.94957304,17,-0.115981044,3.289691964,3.038644837,197,2,,,9,0,6,-0.072554316,25.542,,-1.327843956,4,63,-1.168196163,-0.860339731,-1.847366374,21
7,3,0.501604057,18,2.30176935,-0.10260038,-0.201340501,289,2,,,10,0,6,-0.156671394,18.27,,-1.327843956,4,63,-1.168196163,-0.860339731,-1.847366374,21
7,3,-0.313188887,19,-0.356204401,-0.129190131,-0.225523793,289,2,,,11,0,6,-0.194411824,18.213,,-1.327843956,4,63,-1.168196163,-0.860339731,-1.847366374,21
7,3,-0.307376265,20,-0.303906972,-0.110530657,-0.253449737,289,2,,,12,0,6,-0.210467469,18.253,,-1.327843956,4,63,-1.168196163,-0.860339731,-1.847366374,21
7,3,-0.137271569,21,-0.386088647,-0.153913933,0.100950649,300,2,,,13,0,7,-0.221578881,18.16,,-1.327843956,4,63,-1.168196163,-0.860339731,-1.847366374,21
7,3,-0.238308629,22,-0.15735923,-0.132455538,-0.197022056,290,2,,,14,0,7,-0.237060171,18.206,,-1.327843956,4,63,-1.168196163,-0.860339731,-1.847366374,21
7,3,-0.208561678,23,-0.138394228,-0.13525446,-0.154701295,289,2,,,15,0,7,-0.248713068,18.2,,-1.327843956,4,63,-1.168196163,-0.860339731,-1.847366374,21
7,3,-0.220528842,24,-0.182071202,-0.123125802,-0.160459221,289,2,,,16,0,7,-0.260153608,18.226,,-1.327843956,4,63,-1.168196163,-0.860339731,-1.847366374,21
7,3,-0.261388161,25,-0.283217879,-0.138053381,-0.169384008,289,2,,,17,0,7,-0.271183391,18.194,,-1.327843956,4,63,-1.168196163,-0.860339731,-1.847366374,21
7,3,-0.230273533,26,-0.200461507,-0.086273341,-0.19040044,290,2,,,18,0,7,-0.280156329,18.305,,-1.327843956,4,63,-1.168196163,-0.860339731,-1.847366374,21
7,3,-0.187020781,27,-0.122877408,-0.091871183,-0.152973917,289,2,,,19,0,7,-0.28826836,18.293,,-1.327843956,4,63,-1.168196163,-0.860339731,-1.847366374,21
7,3,-0.19420108,28,-0.119429226,-0.069013327,-0.180899861,290,2,,,20,0,7,-0.29658722,18.342,,-1.327843956,4,63,-1.168196163,-0.860339731,-1.847366374,21
7,3,-0.268226541,29,-0.155635139,-0.117527959,-0.257480286,289,2,,,21,0,7,-0.305338559,18.238,,-1.327843956,4,63,-1.168196163,-0.860339731,-1.847366374,21
7,3,-0.268226541,30,-0.27517212,-0.124058775,-0.1935673,289,2,,,22,0,7,-0.312429342,18.224,,-1.327843956,4,63,-1.168196163,-0.860339731,-1.847366374,21
7,3,-0.293528546,31,-0.215403629,-0.112396604,-0.273314584,290,2,,,23,0,7,-0.319418945,18.249,,-1.327843956,4,63,-1.168196163,-0.860339731,-1.847366374,21
7,3,-0.260191445,32,-0.183795293,-0.085340367,-0.249707085,289,2,,,24,0,7,-0.325171778,18.307,,-1.327843956,4,63,-1.168196163,-0.860339731,-1.847366374,21
7,3,-0.302760358,33,-0.288390152,-0.112396604,-0.252298152,289,2,,,25,0,7,-0.331580041,18.249,,-1.327843956,4,63,-1.168196163,-0.860339731,-1.847366374,21
7,3,-0.321223984,34,-0.282643182,-0.130589591,-0.275041962,290,2,,,26,0,7,-0.337301861,18.21,,-1.327843956,4,63,-1.168196163,-0.860339731,-1.847366374,21
7,3,-0.280535624,35,-0.188967566,-0.13665392,-0.249707085,290,2,,,27,0,6,-0.341958967,18.197,,-1.327843956,4,63,-1.168196163,-0.860339731,-1.847366374,21
7,3,-0.289767437,36,-0.279195,-0.151581499,-0.21084108,289,2,,,28,0,6,-0.346962662,18.165,,-1.327843956,4,63,-1.168196163,-0.860339731,-1.847366374,21
7,3,-0.311821211,37,-0.334940611,-0.159978262,-0.214871628,290,2,,,29,0,6,-0.351847161,18.147,,-1.327843956,4,63,-1.168196163,-0.860339731,-1.847366374,21
7,3,-0.351654773,38,-0.344710461,-0.190299907,-0.258343975,290,2,,,30,0,6,-0.356678825,18.082,,-1.327843956,4,63,-1.168196163,-0.860339731,-1.847366374,21
7,3,-0.353022449,39,-0.356779098,-0.180037197,-0.260935042,291,2,,,31,0,6,-0.360832166,18.104,,-1.327843956,4,63,-1.168196163,-0.860339731,-1.847366374,21
7,3,-0.300708844,40,-0.193565142,-0.224353447,-0.227251171,290,2,,,32,0,6,-0.364192009,18.009,,-1.327843956,4,63,-1.168196163,-0.860339731,-1.847366374,21
7,3,-0.327036606,41,-0.305631063,-0.237415079,-0.207386324,291,2,,,33,0,5,-0.368225247,17.981,,-1.327843956,4,63,-1.168196163,-0.860339731,-1.847366374,21
7,3,-0.337636095,42,-0.25390833,-0.217822631,-0.263238213,290,2,,,34,0,5,-0.371902956,18.023,,-1.327843956,4,63,-1.168196163,-0.860339731,-1.847366374,21
7,3,-0.362596181,43,-0.352756219,-0.215956684,-0.256904493,290,2,,,35,0,5,-0.375555394,18.027,,-1.327843956,4,63,-1.168196163,-0.860339731,-1.847366374,21
7,3,-0.364989614,44,-0.36425016,-0.200562618,-0.264677694,289,2,,,36,0,5,-0.378817927,18.06,,-1.327843956,4,63,-1.168196163,-0.860339731,-1.847366374,21
7,3,2.070499326,45,-0.377468191,-0.208959381,3.848497223,,2,0 days 02:01:25.030000,,37,0,6,-0.358286646,18.042,,-1.327843956,4,63,-1.168196163,-0.860339731,-1.847366374,21
7,3,0.376461708,46,2.564980588,-0.230417776,-0.465053542,293,3,,0 days 02:01:42.825000,1,0,7,-0.377835889,17.996,,-1.327843956,4,63,-1.168196163,-0.860339731,-1.847366374,21
7,3,-0.667758876,47,-0.788376566,-0.266337263,-0.521481224,293,3,,,2,0,7,-0.390517901,17.919,,-1.327843956,4,63,-1.168196163,-0.860339731,-1.847366374,21
7,3,-0.597152606,48,-0.637805944,-0.267736724,-0.477145188,293,3,,,3,0,7,-0.392532959,17.916,,-1.327843956,4,63,-1.168196163,-0.860339731,-1.847366374,21
7,3,-0.585356401,49,-0.710792467,-0.231817237,-0.442885525,294,3,,,4,0,7,-0.394989689,17.993,,-1.327843956,4,63,-1.168196163,-0.860339731,-1.847366374,21
7,3,-0.555609449,50,-0.572290483,-0.251409684,-0.450082933,294,3,,,5,0,7,-0.397191431,17.951,,-1.327843956,4,63,-1.168196163,-0.860339731,-1.847366374,21
7,3,-0.604674823,51,-0.678034736,-0.266337263,-0.470523573,294,3,,,6,0,7,-0.39998141,17.919,,-1.327843956,4,63,-1.168196163,-0.860339731,-1.847366374,21
7,3,-0.633054099,52,-0.715390043,-0.262605369,-0.501904273,295,3,,,7,0,7,-0.402490427,17.927,,-1.327843956,4,63,-1.168196163,-0.860339731,-1.847366374,21
7,3,-0.674939175,53,-0.729182772,-0.361034093,-0.504783236,304,3,,,8,0,7,-0.405016003,17.716,,-1.327843956,4,63,-1.168196163,-0.860339731,-1.847366374,21
7,3,-0.519366036,54,-0.613668669,-0.338642724,-0.31448376,301,3,,,9,0,7,-0.405851828,17.764,,-1.327843956,4,63,-1.168196163,-0.860339731,-1.847366374,21
7,3,-0.588262712,55,-0.58263503,-0.329779474,-0.451522415,306,3,,,10,0,7,-0.408438834,17.783,,-1.327843956,4,63,-1.168196163,-0.860339731,-1.847366374,21
7,3,-0.611513203,56,-0.69470095,-0.410481699,-0.384730465,305,3,,,11,0,7,-0.410577632,17.61,,-1.327843956,4,63,-1.168196163,-0.860339731,-1.847366374,21
7,3,-0.257285133,57,-0.200174158,-0.167208808,-0.230705927,,3,,,12,0,,-0.305930436,,,-1.327843956,4,63,-1.168196163,-0.860339731,-1.847366374,21
